Brand,Year,Kms_Driven,Fuel_Type,Transmission,Owner_Type,Engine_CC,Max_Power_BHP,Selling_Price
Hyundai,2023,17895,Petrol,Manual,First,796,86.7,5.29
Honda,2018,71319,Diesel,Manual,Third,1496,143.3,4.67
Hyundai,2021,41265,Petrol,Manual,First,1197,53.0,1.89
Honda,2019,59902,Diesel,Manual,First,1798,196.8,9.83
Ford,2014,114439,Petrol,Manual,First,1493,79.7,1.68
Maruti,2013,129290,Petrol,Manual,First,1197,49.1,1.2
Toyota,2014,117793,Diesel,Manual,First,2755,121.8,4.64
Hyundai,2014,124362,CNG,Manual,First,796,99.9,1.67
Maruti,2019,52497,Petrol,Manual,First,1493,95.1,2.36
Toyota,2017,82846,Diesel,Automatic,First,1496,123.3,9.04
Hyundai,2020,52800,Petrol,Manual,First,1498,94.1,3.71
Toyota,2022,23881,Petrol,Automatic,First,2755,127.0,15.54
Maruti,2019,70534,Diesel,Manual,First,1498,96.9,2.45
Maruti,2019,56766,Diesel,Automatic,First,1197,77.1,2.6
Maruti,2016,93388,Diesel,Automatic,First,796,65.0,1.58
Honda,2021,39184,Petrol,Manual,First,1496,175.5,10.03
Maruti,2020,48354,Petrol,Automatic,First,796,63.8,2.27
Maruti,2019,52324,Petrol,Manual,First,1197,74.1,1.92
Maruti,2013,131734,Petrol,Manual,First,1498,91.4,1.2
Toyota,2023,18911,Petrol,Automatic,First,2393,125.5,17.95
Toyota,2023,22826,Petrol,Manual,First,2755,126.0,15.32
Ford,2020,51482,Petrol,Manual,First,1498,82.7,3.59
Honda,2019,64175,Diesel,Manual,First,2755,198.1,9.8
Honda,2023,13594,Diesel,Automatic,Second,1798,182.7,16.69
Honda,2023,19415,Petrol,Automatic,Third,1798,131.3,10.62
Hyundai,2018,71602,Petrol,Manual,First,1493,96.3,2.8
Honda,2019,56160,Petrol,Manual,First,1798,138.3,6.5
Ford,2015,105106,Diesel,Manual,First,1493,104.0,2.86
Maruti,2015,109919,Petrol,Automatic,First,1197,107.4,2.12
Hyundai,2021,37489,Diesel,Manual,Third,1493,66.4,2.28
Hyundai,2019,59555,Petrol,Manual,Second,1498,84.6,2.21
Maruti,2018,65777,Petrol,Manual,Second,796,93.4,1.85
Hyundai,2022,29060,Diesel,Automatic,First,796,88.4,5.92
Maruti,2020,52816,Diesel,Manual,First,1197,75.9,2.36
Honda,2015,113258,Petrol,Manual,First,2755,121.2,2.77
Hyundai,2023,16257,Diesel,Manual,First,1493,102.6,6.12
Maruti,2015,109453,CNG,Manual,First,796,73.3,1.2
Hyundai,2022,23912,Petrol,Manual,First,1197,53.2,2.7
Maruti,2017,83084,Diesel,Manual,Second,1498,63.4,1.3
Hyundai,2017,80642,Petrol,Manual,First,1197,93.4,2.32
Hyundai,2022,29796,Petrol,Manual,First,1197,87.6,4.35
Honda,2014,115007,Petrol,Manual,First,2755,171.3,4.27
Maruti,2023,18431,Diesel,Manual,Second,1498,109.1,5.0
Hyundai,2013,121420,Petrol,Manual,First,796,53.2,1.2
Honda,2013,121377,Diesel,Manual,First,2393,127.8,3.14
Honda,2023,17448,Diesel,Manual,First,1496,165.2,14.4
Honda,2015,96849,Diesel,Manual,Third,1496,137.8,3.02
Honda,2019,58368,Diesel,Manual,Second,1798,142.7,6.08
Maruti,2016,91915,CNG,Automatic,First,1498,52.5,1.2
Maruti,2021,32237,Diesel,Automatic,First,796,79.6,3.56
Maruti,2022,30900,Petrol,Manual,First,1197,102.2,3.88
Toyota,2018,71979,Petrol,Automatic,Second,1496,160.6,10.53
Maruti,2020,43207,Diesel,Automatic,Third,1493,70.1,1.98
Honda,2015,105243,Petrol,Automatic,First,2393,139.1,4.97
Hyundai,2022,30407,Diesel,Automatic,First,1493,110.5,7.62
Hyundai,2013,126229,Petrol,Automatic,Third,796,49.8,1.2
BMW,2018,74374,Petrol,Manual,First,1998,220.6,35.41
Honda,2018,76747,Diesel,Automatic,First,1798,155.8,7.79
Honda,2020,50850,Petrol,Manual,First,1496,198.9,9.57
Ford,2018,77910,Petrol,Manual,First,1197,109.7,3.53
Honda,2021,40800,Diesel,Manual,First,1496,182.5,11.02
Hyundai,2013,131489,Petrol,Automatic,First,796,77.9,1.47
Hyundai,2013,127369,Diesel,Automatic,First,796,109.4,2.61
Toyota,2013,123041,Petrol,Manual,First,1496,173.8,5.69
Honda,2020,48993,Petrol,Automatic,First,1496,163.8,10.05
Honda,2023,11918,Petrol,Automatic,First,1798,184.8,18.43
BMW,2014,119233,Petrol,Manual,Second,1995,225.0,18.39
Toyota,2019,67623,Diesel,Manual,Second,1496,139.4,8.85
Hyundai,2014,108907,Petrol,Manual,First,1498,55.5,1.2
Maruti,2023,17466,Petrol,Manual,Second,1498,81.0,3.03
Ford,2022,29464,Petrol,Manual,First,1197,55.0,2.99
Hyundai,2022,22126,Petrol,Manual,First,1493,104.7,4.97
Ford,2013,129405,Diesel,Manual,First,1498,108.0,2.22
Maruti,2019,67122,Petrol,Manual,First,1498,106.1,2.72
Hyundai,2014,121095,Petrol,Manual,First,1197,84.2,1.25
Toyota,2018,67907,Diesel,Manual,First,2393,171.9,11.43
Hyundai,2016,102497,Diesel,Manual,First,796,69.3,1.66
BMW,2014,114955,Petrol,Automatic,First,1995,198.3,23.42
Maruti,2016,96189,Petrol,Automatic,First,1197,91.1,2.01
Ford,2023,9322,Diesel,Manual,First,1498,60.2,4.6
Honda,2013,119902,Diesel,Manual,First,2393,167.3,4.08
Hyundai,2020,46592,Diesel,Automatic,First,1493,87.0,4.51
Toyota,2013,127806,Petrol,Automatic,Third,1798,133.0,4.41
Maruti,2020,51317,Diesel,Automatic,Second,796,100.8,3.55
Honda,2022,25903,Diesel,Manual,First,2755,149.3,11.01
Hyundai,2018,61694,Diesel,Manual,First,1197,82.9,2.88
BMW,2015,94843,Petrol,Automatic,First,1998,252.0,42.42
Hyundai,2019,63312,Diesel,Manual,First,1197,97.3,3.58
BMW,2013,126348,Petrol,Manual,First,1998,246.0,22.29
Maruti,2016,96855,Diesel,Manual,First,1498,86.5,1.7
Toyota,2022,22288,Petrol,Manual,First,1798,166.7,17.01
Hyundai,2021,41471,Diesel,Manual,Second,796,107.9,4.05
Honda,2022,24589,Petrol,Manual,First,1496,194.8,14.19
Hyundai,2017,82222,Diesel,Manual,First,796,60.6,1.7
Toyota,2022,22951,Petrol,Automatic,First,1798,157.9,18.97
BMW,2023,17886,Petrol,Manual,First,1995,230.0,72.6
Honda,2014,110931,CNG,Manual,First,2755,162.4,3.74
Maruti,2019,57289,Diesel,Manual,Second,1493,77.9,1.91
Honda,2020,42397,Diesel,Manual,First,1496,151.3,8.63
Honda,2016,94159,Diesel,Manual,First,1798,161.7,5.3
Toyota,2019,61941,Diesel,Manual,First,2755,134.3,9.4
Hyundai,2020,49394,Petrol,Manual,First,1197,100.2,3.69
Ford,2020,42226,Petrol,Manual,Second,796,48.8,1.77
Maruti,2016,98469,Diesel,Manual,First,1498,72.1,1.38
Honda,2016,87878,Diesel,Manual,First,2755,198.9,7.55
Toyota,2013,125849,Diesel,Automatic,First,2393,160.5,7.68
Honda,2014,109607,Petrol,Automatic,Third,1798,192.7,4.87
Honda,2017,82783,Petrol,Manual,First,1798,177.8,5.95
Maruti,2018,72024,Diesel,Manual,First,796,102.3,2.66
Hyundai,2022,19580,CNG,Manual,First,1498,63.2,2.67
Hyundai,2020,52297,Diesel,Manual,Third,1498,90.8,2.76
Ford,2017,74980,Petrol,Manual,Second,796,79.8,2.22
Honda,2014,113079,Petrol,Manual,First,1496,175.1,4.75
Hyundai,2019,63942,CNG,Automatic,First,796,59.2,2.03
Hyundai,2020,51766,Diesel,Automatic,First,1493,63.5,3.2
Hyundai,2023,19273,Petrol,Manual,First,1493,54.6,2.98
Hyundai,2014,120426,Diesel,Manual,First,1493,55.0,1.2
Maruti,2017,71882,Petrol,Manual,Second,1493,99.2,1.98
Hyundai,2014,104410,Diesel,Manual,First,1197,48.4,1.2
BMW,2014,112930,Petrol,Manual,Second,1998,216.5,21.41
Maruti,2019,66950,Petrol,Manual,First,1197,66.6,1.62
Maruti,2021,39840,Petrol,Manual,First,1493,61.4,1.88
Ford,2017,81337,Diesel,Automatic,First,796,112.3,4.64
Honda,2016,97668,Petrol,Manual,First,1798,121.0,3.84
Ford,2020,47016,CNG,Automatic,Third,1197,81.7,3.24
Maruti,2015,107183,Petrol,Automatic,First,1493,96.4,1.97
Maruti,2016,89639,Diesel,Manual,First,796,49.9,1.2
Toyota,2022,29173,Diesel,Manual,First,2393,118.4,13.42
Honda,2022,29204,Petrol,Automatic,Third,1798,159.1,10.24
Hyundai,2015,102042,Diesel,Manual,First,1197,81.4,1.85
Toyota,2013,124935,Petrol,Manual,Third,2755,169.3,4.4
Toyota,2019,64160,Petrol,Automatic,First,2393,131.3,10.89
Toyota,2019,62610,Petrol,Manual,First,1496,182.7,11.47
Maruti,2019,62152,Petrol,Manual,Third,796,99.1,1.99
Maruti,2016,92254,Diesel,Manual,First,796,50.8,1.2
Maruti,2014,116468,Petrol,Manual,First,1498,101.0,1.36
Maruti,2019,53196,CNG,Manual,First,1498,81.8,1.93
Toyota,2023,20487,Petrol,Automatic,First,2755,178.7,28.95
BMW,2017,77090,Petrol,Automatic,First,2993,204.0,42.69
Maruti,2013,120993,Diesel,Manual,Third,1197,60.4,1.2
Maruti,2020,51279,Diesel,Manual,First,796,107.2,3.44
Ford,2016,92641,Petrol,Manual,First,1493,83.9,2.46
Maruti,2018,64634,Diesel,Manual,First,1493,77.7,1.99
Honda,2014,124889,Petrol,Manual,Second,1798,193.3,3.92
Honda,2015,102946,CNG,Manual,First,1798,135.5,3.28
Hyundai,2020,45494,Petrol,Manual,First,1197,68.3,2.48
Ford,2022,30955,Petrol,Manual,First,1498,55.2,3.17
BMW,2021,45247,Diesel,Automatic,Second,2993,232.3,67.21
Hyundai,2023,16458,Diesel,Manual,First,796,57.8,3.6
Hyundai,2014,110873,Diesel,Manual,First,1197,48.4,1.2
Honda,2017,77488,Diesel,Manual,First,1496,187.8,7.56
Maruti,2017,85731,Petrol,Manual,First,1493,80.3,1.64
Hyundai,2015,97752,Diesel,Manual,Second,1197,99.3,2.16
Honda,2015,107201,Petrol,Manual,First,2393,137.6,3.66
Toyota,2016,94295,Petrol,Manual,Second,2393,167.2,6.95
Honda,2016,88377,Petrol,Automatic,First,1496,118.7,4.62
Honda,2020,43374,Petrol,Automatic,First,2755,161.1,10.02
Hyundai,2021,31773,Diesel,Automatic,First,1493,72.0,3.93
Honda,2017,87978,Diesel,Manual,Second,1798,135.1,4.33
Maruti,2014,110050,Petrol,Manual,First,1498,49.7,1.2
Maruti,2017,89886,Petrol,Manual,Third,1498,77.0,1.2
Hyundai,2014,116711,Petrol,Manual,First,1197,60.3,1.2
Honda,2014,117399,Petrol,Manual,Third,2393,175.5,3.12
Toyota,2022,26588,Petrol,Automatic,Second,1496,120.5,13.33
Ford,2016,88693,Diesel,Manual,First,1197,70.0,2.14
Maruti,2018,74209,CNG,Automatic,First,1498,95.7,2.44
BMW,2018,75757,Diesel,Automatic,Second,1998,251.3,47.84
Hyundai,2018,65637,Diesel,Manual,First,1498,72.6,2.41
Hyundai,2013,117395,Petrol,Manual,First,1197,87.9,1.53
Hyundai,2015,106489,Diesel,Automatic,Second,796,72.1,1.66
Hyundai,2017,81400,Petrol,Manual,Second,1493,110.1,2.34
Maruti,2019,63666,Petrol,Automatic,First,1498,51.0,1.51
Ford,2018,69132,Diesel,Manual,First,796,100.0,3.79
Hyundai,2022,33058,Petrol,Manual,First,1498,55.1,2.6
Toyota,2019,67386,Petrol,Manual,First,2755,153.2,10.34
Maruti,2018,68684,Diesel,Automatic,First,1197,81.0,2.5
Honda,2022,28998,Petrol,Automatic,Second,2755,164.2,11.18
Maruti,2016,96211,Petrol,Manual,First,1493,56.9,1.2
Hyundai,2017,84097,Diesel,Manual,First,1493,67.6,1.74
Maruti,2019,53852,Petrol,Manual,First,1197,65.1,1.68
